id,name,email,gender,status
5180164,Gaurang Somayaji DC,dc_somayaji_gaurang@wisozk.example,male,active
5180163,Kalpana Gandhi,kalpana_gandhi@hansen-dach.test,male,inactive
5180161,Rev. Trilokesh Jha,rev_jha_trilokesh@beier.example,female,active
5180160,Rahul Devar,devar_rahul@runolfsdottir.test,male,inactive
5180159,The Hon. Aanjaneya Varma,aanjaneya_varma_hon_the@jerde.example,male,inactive
5180158,Mukesh Varman,varman_mukesh@howell-oreilly.test,female,inactive
5169995,Rev. Agrata Saini,rev_agrata_saini@collins.example,male,inactive
5169994,Mahendra Abbott,abbott_mahendra@schamberger.test,male,active
5169993,Amb. Anagh Somayaji,amb_somayaji_anagh@pollich.test,female,inactive
5169991,Ahalya Embranthiri,embranthiri_ahalya@mertz.test,female,inactive
